,id,url,user,date,content,retweet,like,reply,place,coordinates,lang,media,source,quotecount,quotedtweet
0,1384295736343351297,https://twitter.com/krmabit/status/1384295736343351297,https://twitter.com/krmabit,2021-04-19 23:59:57+00:00,@Bancolombia Con la razÃ³n ahorro en #Bitcoin y con el corazÃ³n valoro la libertad y el empoderamiento de tener una Reserva de Valor fuerte y portÃ¡til.,0,0,0,,,es,,"<a href=""http://twitter.com/download/android"" rel=""nofollow"">Twitter for Android</a>",0,
1,1384295731414978568,https://twitter.com/flurbnb/status/1384295731414978568,https://twitter.com/flurbnb,2021-04-19 23:59:55+00:00,$100 to someone who retweets this and follows @TheStrayToken in 24 hours #giveaway #Bitcoin #Ethereum #BNB #TRX #DOGE #DogeDay #DeFi #NFT #NFTs,3369,1657,980,,,en,,"<a href=""https://mobile.twitter.com"" rel=""nofollow"">Twitter Web App</a>",3,
2,1384295726985875461,https://twitter.com/TurabAwan2/status/1384295726985875461,https://twitter.com/TurabAwan2,2021-04-19 23:59:54+00:00,"$XVG will bring you the real money. ğŸš€ğŸš€ğŸš€ğŸ’¸ğŸ’¸ğŸ’¸

#Bitcoin #BTC #BNB #ETH 
#ada #XRP #doge #altcoin #Crypto
#DGB #sc",0,0,0,,,en,,"<a href=""http://twitter.com/download/android"" rel=""nofollow"">Twitter for Android</a>",0,
3,1384295715996717058,https://twitter.com/KushMansPicks/status/1384295715996717058,https://twitter.com/KushMansPicks,2021-04-19 23:59:52+00:00,"3/ #CryptoStocks - TODAY'S #BottomFishing ğŸ£ UPDATE (US)

$ARBKF
$BFCH
$BTBT 
$EBON
$EQOS
$IPSI
$ISWH 
$MARA 
$MGTI
$OBTX
$RIOT
$SINO

#BottomFishingğŸ£ #SmallCaps #Bitcoin #Altcoins https://t.co/cDpaVnE8W4",0,3,2,,,in,"[Photo(previewUrl='https://pbs.twimg.com/media/EzYBY0EUYAUrBXJ?format=png&name=small', fullUrl='https://pbs.twimg.com/media/EzYBY0EUYAUrBXJ?format=png&name=large', type='photo')]","<a href=""https://mobile.twitter.com"" rel=""nofollow"">Twitter Web App</a>",0,
4,1384295708916731906,https://twitter.com/Alexand67386841/status/1384295708916731906,https://twitter.com/Alexand67386841,2021-04-19 23:59:50+00:00,"#DogeDay420 #DogeDay #doge #DogeCoinTo1Dollar #dogecoin #bitcoin #SAFEMOON #crypto #Chiliz #Ethereum #coinbase
 #Binance #TRX #ElonDOGE #elonmuskday #elonmusk
#Trump https://t.co/1YaacgHbPG",1,3,0,,,und,"[Photo(previewUrl='https://pbs.twimg.com/media/EzYBnFuVUAgJRQb?format=png&name=small', fullUrl='https://pbs.twimg.com/media/EzYBnFuVUAgJRQb?format=png&name=large', type='photo')]","<a href=""http://twitter.com/download/android"" rel=""nofollow"">Twitter for Android</a>",0,
5,1384295704932143105,https://twitter.com/nowonbitcoin/status/1384295704932143105,https://twitter.com/nowonbitcoin,2021-04-19 23:59:49+00:00,"ï”½ â‚¿1 = $56,545 (05:22 UTC)
$BTC prices fall!
Currently falling but change since midnight: +0.51%
#Bitcoin $btcusd #btcusd #btc https://t.co/bWvHTwDXCK",0,0,0,,,en,"[Photo(previewUrl='https://pbs.twimg.com/media/EzUByVfVUAIsQQt?format=jpg&name=small', fullUrl='https://pbs.twimg.com/media/EzUByVfVUAIsQQt?format=jpg&name=large', type='photo')]","<a href=""https://mobile.twitter.com"" rel=""nofollow"">Twitter Web App</a>",0,
6,1384295685571244034,https://twitter.com/FadiD86/status/1384295685571244034,https://twitter.com/FadiD86,2021-04-19 23:59:45+00:00,"My biggest issue with #bitcoin is its near 1:1 correlation with risk assets (in this case - QQQ or the Nasdaq 100)

The argument for liquid gold or a safe haven doesn't hold water https://t.co/1iXvMTa1W5",0,2,1,,,en,"[Photo(previewUrl='https://pbs.twimg.com/media/EzYBlEJVUAMGCac?format=jpg&name=small', fullUrl='https://pbs.twimg.com/media/EzYBlEJVUAMGCac?format=jpg&name=large', type='photo')]","<a href=""https://mobile.twitter.com"" rel=""nofollow"">Twitter Web App</a>",0,
7,1384295663463108609,https://twitter.com/cryptomercan/status/1384295663463108609,https://twitter.com/cryptomercan,2021-04-19 23:59:39+00:00,KapanÄ±ÅŸ Ã¼zdÃ¼ #Bitcoin,0,1,0,,,tr,,"<a href=""http://twitter.com/download/iphone"" rel=""nofollow"">Twitter for iPhone</a>",0,
8,1384295645104594945,https://twitter.com/cryptoexp57634D/status/1384295645104594945,https://twitter.com/cryptoexp57634D,2021-04-19 23:59:35+00:00,"$BTC analysis âœ…

Checkout the link in bio for crypto signals

$TEL #bitcoin $EDR #bitclout $VIA $COIN $DOGE 8479 https://t.co/uWaWjt8jN8",0,0,0,,,en,"[Photo(previewUrl='https://pbs.twimg.com/media/EzYBjV2VcAYl3q7?format=jpg&name=small', fullUrl='https://pbs.twimg.com/media/EzYBjV2VcAYl3q7?format=jpg&name=large', type='photo')]","<a href=""https://magicpot.tk/"" rel=""nofollow"">MagicPot</a>",0,
9,1384295619141935105,https://twitter.com/DOGE_ITS_SOCIAL/status/1384295619141935105,https://twitter.com/DOGE_ITS_SOCIAL,2021-04-19 23:59:29+00:00,"It's going to be a great day ğŸš€ğŸš€ğŸš€ğŸš€ğŸš€ğŸ¶ğŸ’¸ğŸ’¸ğŸ’¸âœ¨
#DogeDay420 #DogeDay  #doge #dogecoin #DogeDay #BitTorrent #ElonMusk #Bitcoin #Crypto #CryptoNews #Finance #investors #invest #Coinbase #Binance #DogecoinToTheMoon #DogeCoinTo1Dollar  #NASA #SpaceX #moon https://t.co/FFDHpLGHfG",1,4,0,,,en,,"<a href=""http://twitter.com/download/android"" rel=""nofollow"">Twitter for Android</a>",0,https://twitter.com/SlimJim/status/1384294619702202371
10,1384295615580884994,https://twitter.com/tickerNEWSco/status/1384295615580884994,https://twitter.com/tickerNEWSco,2021-04-19 23:59:28+00:00,LIVE NOW  TICKER NEWS  | #Trending #EuropeanSuperLeague #Bitcoin https://t.co/762MQLyCaw,0,2,0,,,en,,"<a href=""https://periscope.tv"" rel=""nofollow"">Periscope</a>",1,
11,1384295614125535233,https://twitter.com/TurabAwan2/status/1384295614125535233,https://twitter.com/TurabAwan2,2021-04-19 23:59:28+00:00,"$XVG will bring you the real money. ğŸš€ğŸš€ğŸš€ğŸ’¸ğŸ’¸ğŸ’¸

#Bitcoin #BTC #BNB #ETH 
#ada #XRP #doge #altcoin #Crypto
#EOS #NEO",0,1,0,,,en,,"<a href=""http://twitter.com/download/android"" rel=""nofollow"">Twitter for Android</a>",0,
12,1384295610950377472,https://twitter.com/Alexand67386841/status/1384295610950377472,https://twitter.com/Alexand67386841,2021-04-19 23:59:27+00:00,"#DogeDay420 #DogeDay #doge #DogeCoinTo1Dollar #dogecoin #bitcoin #SAFEMOON #crypto #Chiliz #Ethereum #coinbase
 #Binance #TRX #ElonDOGE #elonmuskday #elonmusk
#Trump https://t.co/461Z0l5Hye",2,3,0,,,und,"[Photo(previewUrl='https://pbs.twimg.com/media/EzYBhYkVkAIWYcq?format=jpg&name=small', fullUrl='https://pbs.twimg.com/media/EzYBhYkVkAIWYcq?format=jpg&name=large', type='photo')]","<a href=""http://twitter.com/download/android"" rel=""nofollow"">Twitter for Android</a>",0,
13,1384295608266084352,https://twitter.com/bitcoinarabic1/status/1384295608266084352,https://twitter.com/bitcoinarabic1,2021-04-19 23:59:26+00:00,"Ø³Ø¹Ø± #Ø§Ù„Ø¯ÙˆØ¬ÙƒÙˆÙŠÙ† DOGE Ù‚Ø¯ ÙŠØ±ØªÙØ¹ Ø¥Ø°Ø§ ØªØ­Ø±Ùƒ ÙÙˆÙ‚ 0.4412$ Ø£Ø¨Ø±ÙŠÙ„ 2021 https://t.co/0Bss7HSgSP 
#Ø§Ù„Ø¨ÙŠØªÙƒÙˆÙŠÙ† #Ø³Ø¹Ø±_Ø§Ù„Ø¨ÙŠØªÙƒÙˆÙŠÙ†_Ø§Ù„ÙŠÙˆÙ… #Ø¨ÙŠØªÙƒÙˆÙŠÙ† #Ø§Ø®Ø¨Ø§Ø±_Ø§Ù„Ø¨ÙŠØªÙƒÙˆÙŠÙ† #ØªØ¹Ø¯ÙŠÙ†_Ø§Ù„Ø¨ÙŠØªÙƒÙˆÙŠÙ† #Ø§Ø®Ø¨Ø§Ø±_Ø§Ù„Ø¹Ù…Ù„Ø§Øª_Ø§Ù„Ø±Ù‚Ù…ÙŠØ© #Ø§Ø³Ø¹Ø§Ø±_Ø§Ù„Ø¹Ù…Ù„Ø§Øª_Ø§Ù„Ø±Ù‚Ù…ÙŠØ©
#bitcoins #bitcoin #cryptocurrency
Ø§Ø¹Ù…Ù„ ØªØ¹Ù„ÙŠÙ‚ ÙˆÙ„Ø§ÙŠÙƒ ÙˆØ´ÙŠØ± Ù„ÙŠØµÙ„Ùƒ ÙƒÙ„ Ø¬Ø¯ÙŠØ¯",0,2,0,,,ar,,"<a href=""https://mobile.twitter.com"" rel=""nofollow"">Twitter Web App</a>",0,
14,1384295589316231168,https://twitter.com/StreetBuzz/status/1384295589316231168,https://twitter.com/StreetBuzz,2021-04-19 23:59:22+00:00,"Clothing powered by Crypto!
https://t.co/nsHReudfQk
#diamondhands #crytocurrency #bitcoin #investment https://t.co/S0Rm0EWIB1",0,1,0,,,en,,"<a href=""https://about.twitter.com/products/tweetdeck"" rel=""nofollow"">TweetDeck</a>",0,
15,1384295586149507077,https://twitter.com/Mikey_Mach/status/1384295586149507077,https://twitter.com/Mikey_Mach,2021-04-19 23:59:21+00:00,"Iâ€™m stressed out, semi depressed, just got home from work.. Logging in to ape this dip and then go smoke a cig

Sometimes when youâ€™re down you can always rely on #Bitcoin to cheer you up",0,2,0,,,en,,"<a href=""http://twitter.com/download/iphone"" rel=""nofollow"">Twitter for iPhone</a>",0,
16,1384295576389316612,https://twitter.com/crypto_Juliana/status/1384295576389316612,https://twitter.com/crypto_Juliana,2021-04-19 23:59:19+00:00,"Price analysis 4/19: BTC, ETH, BNB, XRP, DOGE, ADA, DOT, LTC, BCH, UNI $BTC #Bitcoin  https://t.co/fYJ1jprcNI https://t.co/sGirdzT1F3 https://t.co/ygs93pT7FU",0,3,0,,,en,"[Photo(previewUrl='https://pbs.twimg.com/media/EzYBe13VkAkhLVy?format=jpg&name=small', fullUrl='https://pbs.twimg.com/media/EzYBe13VkAkhLVy?format=jpg&name=large', type='photo'), Photo(previewUrl='https://pbs.twimg.com/media/EzYBPfSVkAEi4Nk?format=jpg&name=small', fullUrl='https://pbs.twimg.com/media/EzYBPfSVkAEi4Nk?format=jpg&name=large', type='photo')]","<a href=""http://twitter.com/download/android"" rel=""nofollow"">Twitter for Android</a>",0,
17,1384295576255090698,https://twitter.com/n_jhunior/status/1384295576255090698,https://twitter.com/n_jhunior,2021-04-19 23:59:19+00:00,@DannyCrypt Swears am regretting why i didn't put interest for so many years. But like this wah @DannyCrypt don break am down! Mehn #bitcoin and crypto we die here.,0,2,0,,,en,,"<a href=""http://twitter.com/download/android"" rel=""nofollow"">Twitter for Android</a>",0,
18,1384295567010848770,https://twitter.com/gutterist_OG/status/1384295567010848770,https://twitter.com/gutterist_OG,2021-04-19 23:59:16+00:00,Tmrw may be #dogeday but everyday is #bitcoin day,0,1,0,,,en,,"<a href=""http://twitter.com/download/iphone"" rel=""nofollow"">Twitter for iPhone</a>",0,
19,1384295561860317185,https://twitter.com/WhelehanMichael/status/1384295561860317185,https://twitter.com/WhelehanMichael,2021-04-19 23:59:15+00:00,@PeterSchiff Exactly the reason to buy #Bitcoin !,0,1,0,,,en,,"<a href=""http://twitter.com/download/iphone"" rel=""nofollow"">Twitter for iPhone</a>",0,
20,1384295534949634054,https://twitter.com/morocotacoin/status/1384295534949634054,https://twitter.com/morocotacoin,2021-04-19 23:59:09+00:00,"#19Abr âš¡ï¸ OKEx (@OKEx) integrÃ³ la Lightning Network (@lightning) para depÃ³sitos y retiros de #bitcoin: Â¿pero quÃ© significa eso? 

https://t.co/kiETo99vLN",3,2,0,,,es,,"<a href=""https://mobile.twitter.com"" rel=""nofollow"">Twitter Web App</a>",0,
21,1384295523738210306,https://twitter.com/JoBitcoinGiant/status/1384295523738210306,https://twitter.com/JoBitcoinGiant,2021-04-19 23:59:06+00:00,"PayPal starts taking bitcoin at checkout - https://t.co/NE4TJplIQj
Price of BTC at 23:59:05 : $55,793.9666
Source: Reuters ( https://t.co/kbIhQORmIO )
#bitcoin #bitcoinprice #bitcoinnews",0,1,0,,,en,,"<a href=""https://help.twitter.com/en/using-twitter/how-to-tweet#source-labels"" rel=""nofollow"">BitcoinGiant</a>",0,
22,1384295516956094483,https://twitter.com/TurabAwan2/status/1384295516956094483,https://twitter.com/TurabAwan2,2021-04-19 23:59:04+00:00,"$XVG will bring you the real money. ğŸš€ğŸš€ğŸš€ğŸ’¸ğŸ’¸ğŸ’¸

#Bitcoin #BTC #BNB #ETH 
#ada #XRP #doge #altcoin #Crypto
#TRX #btt #win",0,0,0,,,en,,"<a href=""http://twitter.com/download/android"" rel=""nofollow"">Twitter for Android</a>",0,
23,1384295511088238600,https://twitter.com/DOGE_ITS_SOCIAL/status/1384295511088238600,https://twitter.com/DOGE_ITS_SOCIAL,2021-04-19 23:59:03+00:00,"It's going to be a great day ğŸš€ğŸš€ğŸš€ğŸš€ğŸš€ğŸ¶ğŸ’¸ğŸ’¸ğŸ’¸âœ¨
#DogeDay420 #DogeDay  #doge #dogecoin #DogeDay #BitTorrent #ElonMusk #Bitcoin #Crypto #CryptoNews #Finance #investors #invest #Coinbase #Binance #DogecoinToTheMoon #DogeCoinTo1Dollar  #NASA #SpaceX #moon https://t.co/pokCMOHTp6",3,8,0,,,en,,"<a href=""http://twitter.com/download/android"" rel=""nofollow"">Twitter for Android</a>",0,https://twitter.com/Lftnbrand/status/1384292568817553408
24,1384295501546151943,https://twitter.com/BitcoinNewslet1/status/1384295501546151943,https://twitter.com/BitcoinNewslet1,2021-04-19 23:59:01+00:00,"Two years ago today, #Bitcoin was at $5,285.   

Just two years ago.    

Relax.  Zoom out.",0,2,0,,,en,,"<a href=""https://mobile.twitter.com"" rel=""nofollow"">Twitter Web App</a>",0,
25,1384295500803973121,https://twitter.com/Alexand67386841/status/1384295500803973121,https://twitter.com/Alexand67386841,2021-04-19 23:59:01+00:00,"#DogeDay420 #DogeDay #doge #DogeCoinTo1Dollar #dogecoin #bitcoin #SAFEMOON #crypto #Chiliz #Ethereum #coinbase
 #Binance #TRX #ElonDOGE #elonmuskday #elonmusk
#Trump https://t.co/oGM4bCeVjY",2,3,0,,,und,"[Photo(previewUrl='https://pbs.twimg.com/media/EzYBa-sVoAMaG_G?format=jpg&name=small', fullUrl='https://pbs.twimg.com/media/EzYBa-sVoAMaG_G?format=jpg&name=large', type='photo')]","<a href=""http://twitter.com/download/android"" rel=""nofollow"">Twitter for Android</a>",0,
26,1384295497158983688,https://twitter.com/bitcoincandle/status/1384295497158983688,https://twitter.com/bitcoincandle,2021-04-19 23:59:00+00:00,"Candle of day 19/04/2021 closed.

Open: $ 56,264.14
High: $ 57,602.75
Low: $ 54,311.45
Close: $ 55,811.23

Change: -0.84%

#Bitcoin #Candle #BearMarket",0,2,0,,,en,,"<a href=""https://help.twitter.com/en/using-twitter/how-to-tweet#source-labels"" rel=""nofollow"">Bitcoin Candle Bot</a>",0,
27,1384295491710586881,https://twitter.com/Mahmut22125364/status/1384295491710586881,https://twitter.com/Mahmut22125364,2021-04-19 23:58:58+00:00,#bitcoin arkadaÅŸlar en geÃ§ 3 gÃ¼ne kadar alt ve Ã¼st koinler hÃ¼kselecek Ã¶zelikle chz ve rvn bitcoin sayfalarÄ±na Ã¶rnek olsun,0,1,0,,,tr,,"<a href=""http://twitter.com/download/android"" rel=""nofollow"">Twitter for Android</a>",0,
28,1384295467467554816,https://twitter.com/manuferraritano/status/1384295467467554816,https://twitter.com/manuferraritano,2021-04-19 23:58:53+00:00,"@KroneRoman Que estudiem tambiÃ©n. Cuanto mÃ¡s estudien, mejor ( por ej con https://t.co/cWoHD7LHqD)

Y van a aprender mÃ¡s rÃ¡pido teniendo y usando #Bitcoin",0,2,0,,,es,,"<a href=""http://twitter.com/download/android"" rel=""nofollow"">Twitter for Android</a>",0,
29,1384295458533560326,https://twitter.com/jakeeswoodhouse/status/1384295458533560326,https://twitter.com/jakeeswoodhouse,2021-04-19 23:58:50+00:00,"Fact: your opinion about #BitcoinÂ is actually meaningless

Fact: the opinion of a lot of people's is also meaningless

Fact: everyone will be affected by it though",0,5,0,,,en,,"<a href=""http://twitter.com/download/iphone"" rel=""nofollow"">Twitter for iPhone</a>",0,
30,1384295435267842054,https://twitter.com/Alexand67386841/status/1384295435267842054,https://twitter.com/Alexand67386841,2021-04-19 23:58:45+00:00,"#DogeDay420 #DogeDay #doge #DogeCoinTo1Dollar #dogecoin #bitcoin #SAFEMOON #crypto #Chiliz #Ethereum #coinbase
 #Binance #TRX #ElonDOGE #elonmuskday #elonmusk
#Trump https://t.co/d85dKlD1ee",1,1,0,,,und,"[Photo(previewUrl='https://pbs.twimg.com/media/EzYBXJsUUAAFr3T?format=jpg&name=small', fullUrl='https://pbs.twimg.com/media/EzYBXJsUUAAFr3T?format=jpg&name=large', type='photo')]","<a href=""http://twitter.com/download/android"" rel=""nofollow"">Twitter for Android</a>",0,
31,1384295432327557120,https://twitter.com/SheldonStack/status/1384295432327557120,https://twitter.com/SheldonStack,2021-04-19 23:58:44+00:00,"@Crypto_Craig_ Thatâ€™s why you build a portfolio that has built in stability alongside moonshots, frankly been in crypto long enough to know you just gotta hodl your #Bitcoin 
During the dip $bnt kept on producing fees+rewards on my stablecoins (50-60% APY) $ohm though fairly new was resilient https://t.co/N7RDSjNyO6",0,9,1,,,en,"[Gif(thumbnailUrl='https://pbs.twimg.com/tweet_video_thumb/EzYBWo2VgAQMym9.jpg', variants=[VideoVariant(contentType='video/mp4', url='https://video.twimg.com/tweet_video/EzYBWo2VgAQMym9.mp4', bitrate=None)], type='gif')]","<a href=""http://twitter.com/download/iphone"" rel=""nofollow"">Twitter for iPhone</a>",0,
32,1384295388773896196,https://twitter.com/phenomen_s/status/1384295388773896196,https://twitter.com/phenomen_s,2021-04-19 23:58:34+00:00,To listen again #Bitcoin https://t.co/lcVxGIvLbX,0,1,0,,,en,,"<a href=""http://twitter.com/download/android"" rel=""nofollow"">Twitter for Android</a>",0,https://twitter.com/PrestonPysh/status/1382296176897241093
33,1384295347728510979,https://twitter.com/GoddessLuxuryy/status/1384295347728510979,https://twitter.com/GoddessLuxuryy,2021-04-19 23:58:24+00:00,"I'm looking to have crypto bitches. Come forward boys. I hate coins generally. But the only coins I'm interested in is #Bitcoin 

Approach, weaklings

Findom paypig",0,1,0,,,en,,"<a href=""http://twitter.com/download/android"" rel=""nofollow"">Twitter for Android</a>",0,
34,1384295338257747968,https://twitter.com/Alexand67386841/status/1384295338257747968,https://twitter.com/Alexand67386841,2021-04-19 23:58:22+00:00,"#DogeDay420 #DogeDay #doge #DogeCoinTo1Dollar #dogecoin #bitcoin #SAFEMOON #crypto #Chiliz #Ethereum #coinbase
 #Binance #TRX #ElonDOGE #elonmuskday #elonmusk
#Trump https://t.co/nyK822Cjrp",1,3,0,,,und,"[Photo(previewUrl='https://pbs.twimg.com/media/EzYBRhMXoAA6mYB?format=jpg&name=small', fullUrl='https://pbs.twimg.com/media/EzYBRhMXoAA6mYB?format=jpg&name=large', type='photo')]","<a href=""http://twitter.com/download/android"" rel=""nofollow"">Twitter for Android</a>",0,
35,1384295331957858310,https://twitter.com/calovitale/status/1384295331957858310,https://twitter.com/calovitale,2021-04-19 23:58:20+00:00,"The coming bank #Bitcoin
boom.
This is so bullish!
https://t.co/mJ8eCouZBn",0,0,0,,,en,,"<a href=""http://twitter.com/download/android"" rel=""nofollow"">Twitter for Android</a>",0,
36,1384295329202204674,https://twitter.com/sakeblues/status/1384295329202204674,https://twitter.com/sakeblues,2021-04-19 23:58:20+00:00,I'm starting to smell the #Bitcoin maxis' fear.,0,13,1,,,en,,"<a href=""http://twitter.com/download/android"" rel=""nofollow"">Twitter for Android</a>",1,
37,1384295308251713539,https://twitter.com/ccryptoo2/status/1384295308251713539,https://twitter.com/ccryptoo2,2021-04-19 23:58:15+00:00,"BÃ¶ylede Ã§ok sÄ±kÄ±cÄ± beeee.... #Bitcoin  
Yok mu heyecanlÄ± bir ÅŸeyler #bnb",0,0,0,,,tr,,"<a href=""https://mobile.twitter.com"" rel=""nofollow"">Twitter Web App</a>",0,
38,1384295303382061056,https://twitter.com/Crypto_Fridays/status/1384295303382061056,https://twitter.com/Crypto_Fridays,2021-04-19 23:58:13+00:00,"Price analysis 4/19: BTC, ETH, BNB, XRP, DOGE, ADA, DOT, LTC, BCH, UNI $BTC #Bitcoin  https://t.co/bOBedwpzux https://t.co/BNM4F8chDQ",1,5,0,,,en,"[Photo(previewUrl='https://pbs.twimg.com/media/EzYBPfSVkAEi4Nk?format=jpg&name=small', fullUrl='https://pbs.twimg.com/media/EzYBPfSVkAEi4Nk?format=jpg&name=large', type='photo')]","<a href=""https://www.hootsuite.com"" rel=""nofollow"">Hootsuite Inc.</a>",0,
39,1384295285996748803,https://twitter.com/GermanSatoshi/status/1384295285996748803,https://twitter.com/GermanSatoshi,2021-04-19 23:58:09+00:00,Are we there yet? Hereâ€™s why one analyst says its not â€˜altcoin seasonâ€™ #Bitcoin #Ethereum #Crypto,0,0,0,,,en,,"<a href=""http://www.powerapps.com"" rel=""nofollow"">Microsoft Power Platform</a>",0,
40,1384295260096925697,https://twitter.com/TurabAwan2/status/1384295260096925697,https://twitter.com/TurabAwan2,2021-04-19 23:58:03+00:00,"$XVG will bring you the real money. ğŸš€ğŸš€ğŸš€ğŸ’¸ğŸ’¸ğŸ’¸

#Bitcoin #BTC #BNB #ETH 
#ada #XRP #doge #altcoin #Crypto
#CryptocurrencyNews #CryptoNews",0,0,0,,,en,,"<a href=""http://twitter.com/download/android"" rel=""nofollow"">Twitter for Android</a>",0,
41,1384295256422633473,https://twitter.com/AFtuit/status/1384295256422633473,https://twitter.com/AFtuit,2021-04-19 23:58:02+00:00,"#Bitcoin tade alert: C@55751ğŸ”¥
Like ğŸ˜ ğŸ™",0,0,0,,,sv,,"<a href=""https://help.twitter.com/en/using-twitter/how-to-tweet#source-labels"" rel=""nofollow"">JimyApp</a>",0,
42,1384295239540563969,https://twitter.com/westonnelson/status/1384295239540563969,https://twitter.com/westonnelson,2021-04-19 23:57:58+00:00,"NiÃ±o Carlo Dizon THANK YOU for following me, I will share #Crypto insights that I hope help you! Any projects or tokens you are interested in or want me to cover? #CryptoNews #Bitcoin",0,0,0,,,en,,"<a href=""https://ifttt.com"" rel=""nofollow"">IFTTT</a>",0,
43,1384295228014665735,https://twitter.com/CSTUdocorg/status/1384295228014665735,https://twitter.com/CSTUdocorg,2021-04-19 23:57:55+00:00,"Blockchain Technology Seminar Tonight - by EECS Professor Song, UC Berkeley - https://t.co/nxKSlbdARh #blockchain #bitcoin #technology #application #university #cstu #Financial #infrastructure #Tokens #NFT #Crypto #decentralized https://t.co/6HNSSDre0z",2,0,0,,,en,"[Photo(previewUrl='https://pbs.twimg.com/media/EzYBLAmVoAIXBhH?format=jpg&name=small', fullUrl='https://pbs.twimg.com/media/EzYBLAmVoAIXBhH?format=jpg&name=large', type='photo')]","<a href=""http://www.mailchimp.com"" rel=""nofollow"">Mailchimp</a>",0,
44,1384295222083944449,https://twitter.com/undacappn/status/1384295222083944449,https://twitter.com/undacappn,2021-04-19 23:57:54+00:00,@pifinity Make sure to diversify your meme portfolio! #memeCoinsUnite ! (But also hodl your #doge) $Poodl is doing a 1:1 airdrop for their v2 release on the big stinky cheese (BSC). Makes a great store of value (better than #Bitcoin) while doge is a fantastic transactional currency! Frien!,0,1,0,,,en,,"<a href=""http://twitter.com/download/iphone"" rel=""nofollow"">Twitter for iPhone</a>",0,
45,1384295221769375747,https://twitter.com/hamids/status/1384295221769375747,https://twitter.com/hamids,2021-04-19 23:57:54+00:00,"This artificial increase of supply can devastate a company and its ability to raise money. There's no reason for it. @elonmusk's @Tesla was almost a casualty of this practice in 2019. It needs to be illegal -cc @HesterPeirce

This is why people love #Bitcoin. Impossible to short.",0,2,0,,,en,,"<a href=""https://mobile.twitter.com"" rel=""nofollow"">Twitter Web App</a>",0,
46,1384295209995890691,https://twitter.com/cryptoraskoln/status/1384295209995890691,https://twitter.com/cryptoraskoln,2021-04-19 23:57:51+00:00,"2-) Yani demek istediÄŸim ÅŸu; bitcoinin her tÃ¼rlÃ¼ artmasÄ± gerekiyor. Artmazsa sorun baÅŸlar. AltlarÄ±n ezilmesi Ã¶nemli deÄŸil ancak #bitcoin'in mutlaka yukarÄ±larÄ± gÃ¶rmesi gerekiyor. YukarÄ±dan kastÄ±m ATH yapmasÄ± deÄŸil, dominans ile birlikte yÃ¼kselmesi.",0,4,1,,,tr,,"<a href=""https://mobile.twitter.com"" rel=""nofollow"">Twitter Web App</a>",0,
47,1384295184725286919,https://twitter.com/CryptoForSA/status/1384295184725286919,https://twitter.com/CryptoForSA,2021-04-19 23:57:45+00:00,"â€¢ ØªØºØ±ÙŠØ¯Ø© Ù„Ù„ØªØ§Ø±ÙŠØ®..
â€¢ ØªØ­ÙƒÙ…Ù‡Ø§ Ø§Ù„Ø¸Ø±ÙˆÙ Ø§Ù„Ø­Ø§Ù„ÙŠÙ‘Ø© ÙˆØ¹Ø¯Ù… ØªØºÙŠÙ‘Ø±Ù‡Ø§..
- Ø§Ù‚Ø±Ø£ Ø¬Ù…ÙŠØ¹ Ø¬ÙˆØ§Ù†Ø¨ Ø§Ù„Ù…ÙˆØ¶ÙˆØ¹ ÙˆÙ„Ø§ ØªØªØ£Ø«Ø± Ø¨Ù‡Ø§Ø› ÙˆÙ„ÙƒÙ† Ø®Ø°Ù‡Ø§ ÙƒÙ…Ø¹Ù„ÙˆÙ…Ø© Ù…Ù† Ø¬Ù…ÙŠØ¹ Ø§Ù„Ø£ÙˆØ¬Ù‡..
Ø£Ù†Ø§ Ù…Ø³Ø¤ÙˆÙ„ Ø¹Ù† Ù‚Ø±Ø§Ø±ÙŠ ÙÙ‚Ø·ØŒ ÙˆØ£Ù†Øª Ù…Ø³Ø¤ÙˆÙ„ Ø¹Ù† Ù‚Ø±Ø§Ø±Ùƒ..
Ù¨ Ø±Ù…Ø¶Ø§Ù† Ù¡Ù¤Ù¤Ù¢Ù‡Ù€ | Ù¢Ù  / Ù¤ / Ù¢Ù Ù¢Ù¡.
#Bitcoin  - #dogecoin
#doge  -  #bit
#Ø¨Ø¯Ø±_Ø§Ù„Ø­Ø±Ø¨ÙŠ
#Ø±Ø£ÙŠÙŠ_Ø§Ù„Ø®Ø§Øµ https://t.co/SMKDlY7YM6",8,26,19,,,ar,"[Photo(previewUrl='https://pbs.twimg.com/media/EzYBIYdUcAUym5J?format=jpg&name=small', fullUrl='https://pbs.twimg.com/media/EzYBIYdUcAUym5J?format=jpg&name=large', type='photo')]","<a href=""http://twitter.com/download/iphone"" rel=""nofollow"">Twitter for iPhone</a>",0,
48,1384295171278266371,https://twitter.com/Alexand67386841/status/1384295171278266371,https://twitter.com/Alexand67386841,2021-04-19 23:57:42+00:00,"#DogeDay420 #DogeDay #doge #DogeCoinTo1Dollar #dogecoin #bitcoin #SAFEMOON #crypto #Chiliz #Ethereum #coinbase
 #Binance #TRX #ElonDOGE #elonmuskday #elonmusk
#Trump https://t.co/4QbotZeSk3",0,2,0,,,und,"[Photo(previewUrl='https://pbs.twimg.com/media/EzYBHzvUcAc8s0M?format=jpg&name=small', fullUrl='https://pbs.twimg.com/media/EzYBHzvUcAc8s0M?format=jpg&name=large', type='photo')]","<a href=""http://twitter.com/download/android"" rel=""nofollow"">Twitter for Android</a>",0,
49,1384295158527631371,https://twitter.com/PhoenixSquawk/status/1384295158527631371,https://twitter.com/PhoenixSquawk,2021-04-19 23:57:39+00:00,"Aurion Resources starts 10,000 metre drill and sampling program at its Finnish properties #Bitcoin #Btc #Cryptocurrency #Finance #Forex #Markets #Money

Read: https://t.co/mE8SHzOz7B",0,0,0,,,en,,"<a href=""https://bitcoin.cartel.click/"" rel=""nofollow"">startbitcoinclick</a>",0,
50,1384295145823084545,https://twitter.com/Rakibmi21383392/status/1384295145823084545,https://twitter.com/Rakibmi21383392,2021-04-19 23:57:36+00:00,"It's really a golden opportunity for everyone. I hope everyone can take advantage of this opportunity to do business and the platform is moving forward in a trusted place and will bring something beautiful in the future.
#SOKU, #SokuSwap #DeFi #DEX #Bitcoin #bestcryptocurrency",0,0,0,,,en,,"<a href=""https://mobile.twitter.com"" rel=""nofollow"">Twitter Web App</a>",0,
51,1384295144002768902,https://twitter.com/yeahbouthat/status/1384295144002768902,https://twitter.com/yeahbouthat,2021-04-19 23:57:35+00:00,"spend couple of months search videos, blogs, read threads in twtr.Than say I went through the rabbit hole and #bitcoin is the one. Like zero appreciation to early believers, developers, scientists people who actually studied ğŸ§Šâ›“up to bottom and kept it open-source.",0,0,0,,,en,,"<a href=""http://twitter.com/download/android"" rel=""nofollow"">Twitter for Android</a>",0,
52,1384295131222663171,https://twitter.com/HJ_STELLAR/status/1384295131222663171,https://twitter.com/HJ_STELLAR,2021-04-19 23:57:32+00:00,"Longing the 0.854 of the wave 1 with the remaining 10% of the stables! ğŸ˜¬

Was expecting this to fall off a cliff at the end of the channel. ğŸ˜†

#Bitcoin #BTC #alts #DOGE #DOGECOIN #ETH #XLM #DOT #LINK #SOL #BNB #LTC https://t.co/t2NAnJd7Sb",0,0,0,,,en,,"<a href=""https://mobile.twitter.com"" rel=""nofollow"">Twitter Web App</a>",0,https://twitter.com/TheCryptoDog/status/1384292193620303874
53,1384295123563937801,https://twitter.com/michaeltradesc/status/1384295123563937801,https://twitter.com/michaeltradesc,2021-04-19 23:57:31+00:00,"$BTC: Gameplan

#Bitcoin https://t.co/CatlW5XRIH",5,21,1,,,en,"[Photo(previewUrl='https://pbs.twimg.com/media/EzYBA-cUYAIu72L?format=jpg&name=small', fullUrl='https://pbs.twimg.com/media/EzYBA-cUYAIu72L?format=jpg&name=large', type='photo')]","<a href=""https://mobile.twitter.com"" rel=""nofollow"">Twitter Web App</a>",2,
54,1384295105784258563,https://twitter.com/BrainGymZA/status/1384295105784258563,https://twitter.com/BrainGymZA,2021-04-19 23:57:26+00:00,"How parents raise us has no impact on how smart we become, a new study finds

https://t.co/5hU9Ehw60t 

 #knowledge #Knowledge  #success  #information #bitcoin #2021 #Bitcoin #news #info",0,0,0,,,en,,"<a href=""https://cheapbotsdonequick.com"" rel=""nofollow"">Cheap Bots, Done Quick!</a>",0,
55,1384295104249163781,https://twitter.com/AsylumDrone/status/1384295104249163781,https://twitter.com/AsylumDrone,2021-04-19 23:57:26+00:00,"5 STEPS to Crypto Wealth in 2021!

* Earn Bitcoin Today
* Reward points
* Free Lottery Tickets

--&gt; https://t.co/A7u7dUU2Yo &lt;--

#Bitcoin #Crypto #altcoin  #cryptocurrency #mining  #Microsoft #BTC #earn #CryptoTab  #affiliate https://t.co/6xpJTynyVS",0,0,0,,,en,"[Photo(previewUrl='https://pbs.twimg.com/media/EzYBD6kUcAErkR8?format=png&name=small', fullUrl='https://pbs.twimg.com/media/EzYBD6kUcAErkR8?format=png&name=large', type='photo')]","<a href=""https://cheapbotsdonequick.com"" rel=""nofollow"">Cheap Bots, Done Quick!</a>",0,
56,1384295091959783431,https://twitter.com/cryptotrader_br/status/1384295091959783431,https://twitter.com/cryptotrader_br,2021-04-19 23:57:23+00:00,#Bitcoin breaking the average in 4h down ..... there are more falls there. https://t.co/PhXIAEqYJX,0,0,0,,,en,"[Photo(previewUrl='https://pbs.twimg.com/media/EzYBCihUUAYe58r?format=png&name=small', fullUrl='https://pbs.twimg.com/media/EzYBCihUUAYe58r?format=png&name=large', type='photo')]","<a href=""https://mobile.twitter.com"" rel=""nofollow"">Twitter Web App</a>",0,
57,1384295080488443907,https://twitter.com/Alexand67386841/status/1384295080488443907,https://twitter.com/Alexand67386841,2021-04-19 23:57:20+00:00,"#DogeDay420 #DogeDay #doge #DogeCoinTo1Dollar #dogecoin #bitcoin #SAFEMOON #crypto #Chiliz #Ethereum #coinbase
 #Binance #TRX #ElonDOGE #elonmuskday #elonmusk
#Trump https://t.co/HPt9kIfC9x",0,1,0,,,und,"[Photo(previewUrl='https://pbs.twimg.com/media/EzYBCgPVUAUZmEa?format=jpg&name=small', fullUrl='https://pbs.twimg.com/media/EzYBCgPVUAUZmEa?format=jpg&name=large', type='photo')]","<a href=""http://twitter.com/download/android"" rel=""nofollow"">Twitter for Android</a>",0,
58,1384295076424077312,https://twitter.com/TurabAwan2/status/1384295076424077312,https://twitter.com/TurabAwan2,2021-04-19 23:57:19+00:00,"$XVG will bring you the real money. ğŸš€ğŸš€ğŸš€ğŸ’¸ğŸ’¸ğŸ’¸

#Bitcoin #BTC #BNB #ETH 
#ada #XRP #doge #altcoin #Crypto
#Altseason2021",0,0,0,,,en,,"<a href=""http://twitter.com/download/android"" rel=""nofollow"">Twitter for Android</a>",0,
59,1384295075409055745,https://twitter.com/vinnyvancrytpo/status/1384295075409055745,https://twitter.com/vinnyvancrytpo,2021-04-19 23:57:19+00:00,I feel that there is nothing more truly artistic than to love  #Bitcoin,0,1,0,,,en,,"<a href=""https://mobile.twitter.com"" rel=""nofollow"">Twitter Web App</a>",0,
60,1384295041804369923,https://twitter.com/bmurphypointman/status/1384295041804369923,https://twitter.com/bmurphypointman,2021-04-19 23:57:11+00:00,#freelance #freelancer #freelancing #freelancers   Check my website for my top recommended shopping sites #bitcoin #affiliatemarketing https://t.co/7msnJSDIXn,0,0,0,,,en,,"<a href=""https://contentstudio.io"" rel=""nofollow"">ContentStudio.io</a>",0,
61,1384295040852193282,https://twitter.com/bmurphypointman/status/1384295040852193282,https://twitter.com/bmurphypointman,2021-04-19 23:57:11+00:00,#linkedin #twitter #facebook #instagram #tiktok #socialmedia #giftshop #pinterest #medium #reddit #gift #gifts #giftideas #shop #shopping #affiliatemarketing #bitcoin Shop #flowers &amp; #gifts https://t.co/nrlw6jK93K,0,0,0,,,en,,"<a href=""https://contentstudio.io"" rel=""nofollow"">ContentStudio.io</a>",0,
62,1384295025136132096,https://twitter.com/bmurphypointman/status/1384295025136132096,https://twitter.com/bmurphypointman,2021-04-19 23:57:07+00:00,#business #businesses #tips #businessman #businesswoman #businessgrowth #businesstips #affiliatemarketing Check my website for #affiliate #referral #cashback #crypto #shopping #travel #business #dogecoin #bitcoin https://t.co/vBHLD0JY8g,1,2,0,,,en,,"<a href=""https://contentstudio.io"" rel=""nofollow"">ContentStudio.io</a>",0,
63,1384294997508251650,https://twitter.com/dirtbik50580519/status/1384294997508251650,https://twitter.com/dirtbik50580519,2021-04-19 23:57:01+00:00,#coinhuntworld in the wild! Itâ€™s cleaner than fiat!! #bitcoin https://t.co/Na8eDHM0Md,0,2,0,,,en,"[Photo(previewUrl='https://pbs.twimg.com/media/EzYA9HvVIAAfCVU?format=jpg&name=small', fullUrl='https://pbs.twimg.com/media/EzYA9HvVIAAfCVU?format=jpg&name=large', type='photo'), Photo(previewUrl='https://pbs.twimg.com/media/EzYA9HtVoAIvW-a?format=jpg&name=small', fullUrl='https://pbs.twimg.com/media/EzYA9HtVoAIvW-a?format=jpg&name=large', type='photo')]","<a href=""http://twitter.com/download/iphone"" rel=""nofollow"">Twitter for iPhone</a>",0,
64,1384294993645379584,https://twitter.com/nytonyv/status/1384294993645379584,https://twitter.com/nytonyv,2021-04-19 23:57:00+00:00,@dogecoin_rise Considering the upside I don't see why #bitcoin owners don't cash out and hop into #dogecoin. 1 bitcoin get u over 100k doge. You'll be a millionaire by July.,0,0,0,,,en,,"<a href=""http://twitter.com/download/android"" rel=""nofollow"">Twitter for Android</a>",0,
65,1384294984518565890,https://twitter.com/btc_pancake/status/1384294984518565890,https://twitter.com/btc_pancake,2021-04-19 23:56:57+00:00,Risk management is the difference between a high elo investor and a low elo investor #Bitcoin,1,1,0,,,en,,"<a href=""http://twitter.com/download/android"" rel=""nofollow"">Twitter for Android</a>",0,
66,1384294946904043528,https://twitter.com/GetTheCrypto1/status/1384294946904043528,https://twitter.com/GetTheCrypto1,2021-04-19 23:56:48+00:00,#bitcoin Altcoins ExitScam Coming  #BTC- 3CcByFGMFtDCVCTJ1pPHCQPtYSF4pcRwmX,1,0,0,,,da,,"<a href=""https://www.google.com"" rel=""nofollow"">CryptoNewsInformation</a>",0,
67,1384294946862092291,https://twitter.com/BitCatHodl/status/1384294946862092291,https://twitter.com/BitCatHodl,2021-04-19 23:56:48+00:00,Never forget #bitcoin https://t.co/NsLIA5IGsE,1,0,0,,,en,"[Photo(previewUrl='https://pbs.twimg.com/media/EzYA6UvVkAoQ9n6?format=jpg&name=small', fullUrl='https://pbs.twimg.com/media/EzYA6UvVkAoQ9n6?format=jpg&name=large', type='photo')]","<a href=""http://twitter.com/download/iphone"" rel=""nofollow"">Twitter for iPhone</a>",0,
68,1384294942550368261,https://twitter.com/Cerberu21014829/status/1384294942550368261,https://twitter.com/Cerberu21014829,2021-04-19 23:56:47+00:00,"@Joutein @newskhool @DrBitcoinMD @APompliano @BarrySilbert Woah... @rickastley recording the perfect #bitcoin song is the most #bitcoin thing to ever #bitcoin...

That's a great song!",0,0,0,,,en,,"<a href=""https://mobile.twitter.com"" rel=""nofollow"">Twitter Web App</a>",0,
69,1384294938850959369,https://twitter.com/HisseOnerileri/status/1384294938850959369,https://twitter.com/HisseOnerileri,2021-04-19 23:56:47+00:00,"Mavi Ã¼st band kÄ±rÄ±lmasÄ± durumda ok iÅŸareti ile belirlediÄŸim Ã¼Ã§gen boyu kadar yÃ¼kseliÅŸ hedefi olur formasyon gereÄŸi. yani 3,60 + % 68 #Bitcoin  #DogeDay https://t.co/syw6wzFlDu",1,8,1,,,tr,"[Photo(previewUrl='https://pbs.twimg.com/media/EzYA5eoVoAU1D3x?format=png&name=small', fullUrl='https://pbs.twimg.com/media/EzYA5eoVoAU1D3x?format=png&name=large', type='photo')]","<a href=""https://mobile.twitter.com"" rel=""nofollow"">Twitter Web App</a>",0,
70,1384294937936633857,https://twitter.com/TMReserve/status/1384294937936633857,https://twitter.com/TMReserve,2021-04-19 23:56:46+00:00,"On our #Companies page today:

â€¢ The Exchange #TRX on track for completion

â€¢ #Bitcoin likely to be volatile after dip, rebound expected by year-end

#Corporate #Construction #cryptocurrency #TMRNews #TMRPhoto https://t.co/WVZ25m2y0V",1,2,0,,,en,"[Photo(previewUrl='https://pbs.twimg.com/media/EzYA5_6VUAQn43P?format=jpg&name=small', fullUrl='https://pbs.twimg.com/media/EzYA5_6VUAQn43P?format=jpg&name=large', type='photo')]","<a href=""http://twitter.com/download/iphone"" rel=""nofollow"">Twitter for iPhone</a>",0,
71,1384294936934195209,https://twitter.com/Alexand67386841/status/1384294936934195209,https://twitter.com/Alexand67386841,2021-04-19 23:56:46+00:00,"#DogeDay420 #DogeDay #doge #DogeCoinTo1Dollar #dogecoin #bitcoin #SAFEMOON #crypto #Chiliz #Ethereum #coinbase
 #Binance #TRX #ElonDOGE #elonmuskday #elonmusk
#Trump https://t.co/xkejY7iJ1j",1,0,0,,,und,"[Photo(previewUrl='https://pbs.twimg.com/media/EzYA6IfVkAMoBKM?format=jpg&name=small', fullUrl='https://pbs.twimg.com/media/EzYA6IfVkAMoBKM?format=jpg&name=large', type='photo')]","<a href=""http://twitter.com/download/android"" rel=""nofollow"">Twitter for Android</a>",0,
72,1384294906089250818,https://twitter.com/ArifBayda_/status/1384294906089250818,https://twitter.com/ArifBayda_,2021-04-19 23:56:39+00:00,Donum nerede #Bitcoin,1,0,0,,,tr,,"<a href=""http://twitter.com/download/android"" rel=""nofollow"">Twitter for Android</a>",0,
73,1384294904742891524,https://twitter.com/Chris_HODL/status/1384294904742891524,https://twitter.com/Chris_HODL,2021-04-19 23:56:38+00:00,"60k #Bitcoin  is too expensive, I'm going to buy doge.  Ok, HFSP ğŸ¤£ https://t.co/OsCMkndsph",0,0,0,,,en,,"<a href=""http://twitter.com/download/android"" rel=""nofollow"">Twitter for Android</a>",0,https://twitter.com/matt_odell/status/1050005744572137472
74,1384294888334708743,https://twitter.com/cripto_zen/status/1384294888334708743,https://twitter.com/cripto_zen,2021-04-19 23:56:34+00:00,#Bitcoin Ã¨ il piÃ¹ grande esperimento costruito sopra il protocollo internet.,0,1,0,,,it,,"<a href=""http://twitter.com/download/android"" rel=""nofollow"">Twitter for Android</a>",0,
75,1384294885063159810,https://twitter.com/L82200718/status/1384294885063159810,https://twitter.com/L82200718,2021-04-19 23:56:34+00:00,"On a side note, #Vechain will touch $1.25 by august $VET #cryptocurrencies #bitcoin",0,0,2,,,en,,"<a href=""http://twitter.com/download/iphone"" rel=""nofollow"">Twitter for iPhone</a>",0,
76,1384294881686810632,https://twitter.com/TurabAwan2/status/1384294881686810632,https://twitter.com/TurabAwan2,2021-04-19 23:56:33+00:00,"$XVG will bring you the real money. ğŸš€ğŸš€ğŸš€ğŸ’¸ğŸ’¸ğŸ’¸

#Bitcoin #BTC #BNB #ETH 
#ada #XRP #doge #altcoin #Crypto
#DogecoinToTheMoon #Altcoins 
#altseanson",0,0,0,,,en,,"<a href=""http://twitter.com/download/android"" rel=""nofollow"">Twitter for Android</a>",0,
77,1384294875345031173,https://twitter.com/MogoCAD/status/1384294875345031173,https://twitter.com/MogoCAD,2021-04-19 23:56:31+00:00,This customer has already accumulated $180+ from referrals! https://t.co/PQRCK1yQBt   #futurecurrency #bank #bmo #cibc #scotiabank #footprint #environment #carbonfootprint #savetheplanet #planet #airdrop #bitcoin #greenearth #binance https://t.co/NwHmqTCcvt,1,1,0,,,en,"[Photo(previewUrl='https://pbs.twimg.com/media/EzYA2fqUUAEXw0z?format=jpg&name=small', fullUrl='https://pbs.twimg.com/media/EzYA2fqUUAEXw0z?format=jpg&name=large', type='photo')]","<a href=""http://twitter.com/download/iphone"" rel=""nofollow"">Twitter for iPhone</a>",0,
78,1384294866595696645,https://twitter.com/StreetBuzz/status/1384294866595696645,https://twitter.com/StreetBuzz,2021-04-19 23:56:29+00:00,"@Everlyn_eva @j1anatomy @MASTERBTCLTC Clothing powered by Crypto!
https://t.co/nsHReudfQk
#diamondhands #crytocurrency #bitcoin #investment",0,0,0,,,en,,"<a href=""https://about.twitter.com/products/tweetdeck"" rel=""nofollow"">TweetDeck</a>",0,
79,1384294854646112264,https://twitter.com/gotothemoon99/status/1384294854646112264,https://twitter.com/gotothemoon99,2021-04-19 23:56:26+00:00,"ã€ç±³SECæ–°é•·å®˜ã€ä»®æƒ³é€šè²¨è¦åˆ¶ã¨ãƒ“ãƒƒãƒˆã‚³ã‚¤ãƒ³ETFã‚’æ¤œè¨ã‹ï¼Fox Businessã€
è‰¯ã„æ³¢ãŒæ¥ã¦ã„ã¾ã™ã­ğŸŒŠğŸ„â€â™‚ï¸

#Bitcoin 
 https://t.co/zcyz0Uuh0U",6,23,0,,,ja,,"<a href=""http://twitter.com/download/iphone"" rel=""nofollow"">Twitter for iPhone</a>",0,
80,1384294843434770436,https://twitter.com/Alexand67386841/status/1384294843434770436,https://twitter.com/Alexand67386841,2021-04-19 23:56:24+00:00,"#DogeDay420 #DogeDay #doge #DogeCoinTo1Dollar #dogecoin #bitcoin #SAFEMOON #crypto #Chiliz #Ethereum #coinbase
 #Binance #TRX #ElonDOGE #elonmuskday #elonmusk
#Trump https://t.co/07qPgKp7Wf",0,2,0,,,und,"[Photo(previewUrl='https://pbs.twimg.com/media/EzYA0sXX0AAo3AX?format=jpg&name=small', fullUrl='https://pbs.twimg.com/media/EzYA0sXX0AAo3AX?format=jpg&name=large', type='photo')]","<a href=""http://twitter.com/download/android"" rel=""nofollow"">Twitter for Android</a>",0,
81,1384294840825827335,https://twitter.com/PlattsburghBTC/status/1384294840825827335,https://twitter.com/PlattsburghBTC,2021-04-19 23:56:23+00:00,"à¸¿ value over 1 year: +553.41%, (+$47150.9) [Currently  $55670.9] #bitcoin",0,0,0,,,en,,"<a href=""http://www.plattsburghbtc.com"" rel=""nofollow"">Plattsburgh BTC status update</a>",0,
82,1384294820152184841,https://twitter.com/coinbroken/status/1384294820152184841,https://twitter.com/coinbroken,2021-04-19 23:56:18+00:00,"Tam dÃ¼zeliyor mu acaba diyorsun ÅŸakkkk #bitcoin Ã§akÄ±lÄ±yor .. Sonraaa Para gitti laaa battÄ±k laa kandÄ±rÄ±ldÄ±k laaa demeler baÅŸlÄ±yor ğŸ¤£ğŸ¤£

#btc #eth #trx #dot #neo #xlm #fet #chz #doge #btt    #win #dent #bnb #crypto #binance",0,1,0,,,tr,,"<a href=""https://mobile.twitter.com"" rel=""nofollow"">Twitter Web App</a>",0,
83,1384294819611103242,https://twitter.com/Forza_Crypto/status/1384294819611103242,https://twitter.com/Forza_Crypto,2021-04-19 23:56:18+00:00,"#DOGE to $1 implies a 2.5x, as well as a $77B MC .. for a project producing no value .. while the $DOGE movement is fun to watch, your risk is off the charts .. you can easily find a 10x elsewhere, for much less risk .. THINK ...

#dogecoin #bitcoin #btc #eth #bsc #binance #bnb",9,22,2,,,en,,"<a href=""https://mobile.twitter.com"" rel=""nofollow"">Twitter Web App</a>",0,
84,1384294817769816066,https://twitter.com/MdBully/status/1384294817769816066,https://twitter.com/MdBully,2021-04-19 23:56:18+00:00,"Doge = 2D checkers

#Bitcoin = 4D chess",0,1,0,,,en,,"<a href=""http://twitter.com/download/android"" rel=""nofollow"">Twitter for Android</a>",0,
85,1384294817031618565,https://twitter.com/coinbeastmedia/status/1384294817031618565,https://twitter.com/coinbeastmedia,2021-04-19 23:56:17+00:00,Which aspect of #bitcoin do you find is the most difficult to learn/understand?,0,1,0,,,en,,"<a href=""https://mobile.twitter.com"" rel=""nofollow"">Twitter Web App</a>",0,
86,1384294814535933956,https://twitter.com/Chibicks_4Luv/status/1384294814535933956,https://twitter.com/Chibicks_4Luv,2021-04-19 23:56:17+00:00,@binance Next #Bitcoin,0,0,0,,,en,,"<a href=""http://twitter.com/download/android"" rel=""nofollow"">Twitter for Android</a>",0,
87,1384294813990674445,https://twitter.com/MustHaveCrypto/status/1384294813990674445,https://twitter.com/MustHaveCrypto,2021-04-19 23:56:17+00:00,"https://t.co/jti5h6V9xk
#Bitcoin",0,0,0,,,und,,"<a href=""https://www.socialjukebox.com"" rel=""nofollow"">The Social Jukebox</a>",0,https://twitter.com/harmonyprotocol/status/1383463499670511623
88,1384294796894687242,https://twitter.com/CryptoAdvised/status/1384294796894687242,https://twitter.com/CryptoAdvised,2021-04-19 23:56:13+00:00,#Bitcoin is decentralizing gold. Ether $ETH is decentralizing computing. Crypto is decentralizing the world.,0,0,0,,,en,,"<a href=""https://twitter.com"" rel=""nofollow"">Trading Advisor</a>",0,
89,1384294771775008771,https://twitter.com/loefstop66/status/1384294771775008771,https://twitter.com/loefstop66,2021-04-19 23:56:07+00:00,"@CryptoMichNL #DeFi  technology is innovating the #Cryptomarket constantly with most than 20 alliances and a blockhain with its own concensus protocol, and high speed transactions. #Bitcoin is keeping out of date ğŸ˜ª",0,13,0,,,en,,"<a href=""http://twitter.com/download/android"" rel=""nofollow"">Twitter for Android</a>",0,
90,1384294765999517699,https://twitter.com/juniorttp/status/1384294765999517699,https://twitter.com/juniorttp,2021-04-19 23:56:05+00:00,"#bitcoin broke down from support and now forming an ascending triangle
Break-up/retest before further potential breakdown

Bullish/bearish I just chart what I see

#btc $btc #cryptocurrencies https://t.co/LeeUkez2ur",0,1,0,,,en,"[Photo(previewUrl='https://pbs.twimg.com/media/EzYAXS6VUAMRWPU?format=png&name=small', fullUrl='https://pbs.twimg.com/media/EzYAXS6VUAMRWPU?format=png&name=large', type='photo')]","<a href=""https://mobile.twitter.com"" rel=""nofollow"">Twitter Web App</a>",0,
91,1384294765047414786,https://twitter.com/PublicTalks17/status/1384294765047414786,https://twitter.com/PublicTalks17,2021-04-19 23:56:05+00:00,"@HelperTesla â¡Invite Friends.ğŸ‘¬
â¡ğŸ’°Earn100$ğŸ’° Crypto Together
â¡ğŸ’°Earn up to 40%ğŸ’² commission every time your friends make a trade on Binance.
ğŸ“ŠğŸ’±ğŸ’¸

This the link â¬‡Click Hereâ¬‡
https://t.co/u2EMu5aDBK

#Binance #CryptoNews #cryptocurrencies #BTC #cryptocurrency #Bitcoin",0,0,0,,,en,,"<a href=""http://twitter.com/download/android"" rel=""nofollow"">Twitter for Android</a>",0,
92,1384294759359938564,https://twitter.com/silberschmelzer/status/1384294759359938564,https://twitter.com/silberschmelzer,2021-04-19 23:56:04+00:00,"@pritul_khan123 @SilbergleitJr Every asset is fine, but buyer has to pay the right price.ğŸ¤‘ #Bitcoin  #BTC  $BTCC.B https://t.co/sCU5SCp6oh",0,2,0,,,en,"[Photo(previewUrl='https://pbs.twimg.com/media/EzYATqBVIAUZkaU?format=jpg&name=small', fullUrl='https://pbs.twimg.com/media/EzYATqBVIAUZkaU?format=jpg&name=large', type='photo')]","<a href=""https://mobile.twitter.com"" rel=""nofollow"">Twitter Web App</a>",0,
93,1384294711117053955,https://twitter.com/TurabAwan2/status/1384294711117053955,https://twitter.com/TurabAwan2,2021-04-19 23:55:52+00:00,"$XVG will bring you the real money. ğŸš€ğŸš€ğŸš€ğŸ’¸ğŸ’¸ğŸ’¸

#Bitcoin #BTC #BNB #ETH 
#ada #XRP #doge #altcoin #Crypto
#cryptocurrenices",0,0,0,,,en,,"<a href=""http://twitter.com/download/android"" rel=""nofollow"">Twitter for Android</a>",0,
94,1384294704733253637,https://twitter.com/unmaskthemask/status/1384294704733253637,https://twitter.com/unmaskthemask,2021-04-19 23:55:51+00:00,"@Bitboy_Crypto People like gambling. 
People think they r genius.
People deny ideas that r different. 
People deny they were wrong. 

And many have lost their wealth.

Hodlers may get rekt now. Don't lose becuase u can always come back for a win if u dont lose money. 

#Bitcoin #ethereum #xrp https://t.co/JQdLGueSAg",0,0,0,,,en,"[Photo(previewUrl='https://pbs.twimg.com/media/EzYAsoUVIAYB_gh?format=jpg&name=small', fullUrl='https://pbs.twimg.com/media/EzYAsoUVIAYB_gh?format=jpg&name=large', type='photo')]","<a href=""http://twitter.com/download/android"" rel=""nofollow"">Twitter for Android</a>",0,
95,1384294697489682432,https://twitter.com/Dolarderr/status/1384294697489682432,https://twitter.com/Dolarderr,2021-04-19 23:55:49+00:00,Bu #kriptopara piyasasÄ±nda ... mevzu para kazanmaktÄ±r. fakat asÄ±l savaÅŸ psikoloji ve akÄ±l savaÅŸlarÄ±dÄ±r psikoloji yÃ¶netimi mevzusunun Ã¼stÃ¼ne bu yÃ¼zden Ã§ok dÃ¼ÅŸÃ¼yorum #bitcoin #Binance #SXP #altcoins,0,4,0,,,tr,,"<a href=""http://twitter.com/download/android"" rel=""nofollow"">Twitter for Android</a>",0,
96,1384294691143708677,https://twitter.com/Alexand67386841/status/1384294691143708677,https://twitter.com/Alexand67386841,2021-04-19 23:55:47+00:00,"#DogeDay420 #DogeDay #doge #DogeCoinTo1Dollar #dogecoin #bitcoin #SAFEMOON #crypto #Chiliz #Ethereum #coinbase
 #Binance #TRX #ElonDOGE #elonmuskday #elonmusk
#Trump https://t.co/LrJ2xNu0uv",0,0,0,,,und,"[Photo(previewUrl='https://pbs.twimg.com/media/EzYAr0QVIAUM8Xh?format=jpg&name=small', fullUrl='https://pbs.twimg.com/media/EzYAr0QVIAUM8Xh?format=jpg&name=large', type='photo')]","<a href=""http://twitter.com/download/android"" rel=""nofollow"">Twitter for Android</a>",0,
97,1384294690573279233,https://twitter.com/JAnimeProducts/status/1384294690573279233,https://twitter.com/JAnimeProducts,2021-04-19 23:55:47+00:00,@OberlinWes $doge will surpass #bitcoin,0,1,0,,,en,,"<a href=""http://twitter.com/download/android"" rel=""nofollow"">Twitter for Android</a>",0,
98,1384294672315523072,https://twitter.com/FinancialAlche3/status/1384294672315523072,https://twitter.com/FinancialAlche3,2021-04-19 23:55:43+00:00,"@patrickbetdavid @Breedlove22 
Here's a fantastic video of him with @lexfridman
He's a true giant in the #Bitcoin
Space.
https://t.co/lWILfBZly3",0,2,0,,,en,,"<a href=""http://twitter.com/download/android"" rel=""nofollow"">Twitter for Android</a>",0,
99,1384294669698310148,https://twitter.com/PublicTalks17/status/1384294669698310148,https://twitter.com/PublicTalks17,2021-04-19 23:55:42+00:00,"@robertkaaatz â¡Invite Friends.ğŸ‘¬
â¡ğŸ’°Earn100$ğŸ’° Crypto Together
â¡ğŸ’°Earn up to 40%ğŸ’² commission every time your friends make a trade on Binance.
ğŸ“ŠğŸ’±ğŸ’¸

This the link â¬‡Click Hereâ¬‡
https://t.co/u2EMu5aDBK

#Binance #CryptoNews #cryptocurrencies #BTC #cryptocurrency #Bitcoin",0,0,0,,,en,,"<a href=""http://twitter.com/download/android"" rel=""nofollow"">Twitter for Android</a>",0,
100,1384294641218965509,https://twitter.com/sabharwals/status/1384294641218965509,https://twitter.com/sabharwals,2021-04-19 23:55:36+00:00,"This is to be applauded. Close attention needs to be paid to climate impact of cryptocurrency, stable coin minters &amp; enablers. #CoinbaseIPO #Bitcoin #EarthDay2021 #Treasury #Yellen https://t.co/raqszHk8tM",0,0,0,,,en,,"<a href=""http://twitter.com/download/iphone"" rel=""nofollow"">Twitter for iPhone</a>",0,https://twitter.com/USTreasury/status/1384288440242429962
101,1384294639826477061,https://twitter.com/eBargainsToday/status/1384294639826477061,https://twitter.com/eBargainsToday,2021-04-19 23:55:35+00:00,"New Zealand Dollar Forecast: NZD/USD Gains on Greenback Drop, Inflation Data Looms: NZD/USD is on the move higher as rising commodity prices and US Dollar weaknessâ€¦ https://t.co/O3EtKH7A1W  | https://t.co/JLNnk4SNxX  | https://t.co/FHLhKCQA7o #cryptocurrency #Bitcoin #Forex https://t.co/mxuYIUCK6G",12,16,0,,,en,"[Photo(previewUrl='https://pbs.twimg.com/media/EzYAo5wVoAoMEG4?format=jpg&name=small', fullUrl='https://pbs.twimg.com/media/EzYAo5wVoAoMEG4?format=jpg&name=large', type='photo')]","<a href=""https://dlvrit.com/"" rel=""nofollow"">dlvr.it</a>",0,
102,1384294607941369859,https://twitter.com/Emily_cryptos/status/1384294607941369859,https://twitter.com/Emily_cryptos,2021-04-19 23:55:28+00:00,"What we do here is #bitcoinÂ Â Â Â Â Â Â Â  mining and binary option trade, we manage account and trade for clients with our remote controlled software which enable you earn 100% on the return of your investment (ROI) capital which gives you ten times your capital as profit within hours.",0,1,0,,,en,,"<a href=""http://twitter.com/download/iphone"" rel=""nofollow"">Twitter for iPhone</a>",0,
103,1384294600374845443,https://twitter.com/PublicTalks17/status/1384294600374845443,https://twitter.com/PublicTalks17,2021-04-19 23:55:26+00:00,"@SamuelOtigba â¡Invite Friends.ğŸ‘¬
â¡ğŸ’°Earn100$ğŸ’° Crypto Together
â¡ğŸ’°Earn up to 40%ğŸ’² commission every time your friends make a trade on Binance.
ğŸ“ŠğŸ’±ğŸ’¸

This the link â¬‡Click Hereâ¬‡
https://t.co/u2EMu5aDBK

#Binance #CryptoNews #cryptocurrencies #BTC #cryptocurrency #Bitcoin",0,0,0,,,en,,"<a href=""http://twitter.com/download/android"" rel=""nofollow"">Twitter for Android</a>",0,
104,1384294595744321539,https://twitter.com/kriptoaytk/status/1384294595744321539,https://twitter.com/kriptoaytk,2021-04-19 23:55:25+00:00,#Bitcoin yine kÄ±rmÄ±zÄ± mum ile kapadÄ±. 3.gÃ¼n ve hava yine puslu beklemekte fayda var.,0,0,0,,,tr,,"<a href=""https://mobile.twitter.com"" rel=""nofollow"">Twitter Web App</a>",0,
105,1384294594389549061,https://twitter.com/tedtalksmacro/status/1384294594389549061,https://twitter.com/tedtalksmacro,2021-04-19 23:55:24+00:00,"Max pain for EOM expiry in #Bitcoin is $56,000 USD https://t.co/1gXLvmwxSw https://t.co/GcFwZWOrbs",0,13,4,,,en,"[Photo(previewUrl='https://pbs.twimg.com/media/EzYAg_FUcAcJz3n?format=jpg&name=small', fullUrl='https://pbs.twimg.com/media/EzYAg_FUcAcJz3n?format=jpg&name=large', type='photo')]","<a href=""https://mobile.twitter.com"" rel=""nofollow"">Twitter Web App</a>",0,https://twitter.com/giantsbadgers/status/1384292875840626691
106,1384294555697119233,https://twitter.com/bitcoinagile/status/1384294555697119233,https://twitter.com/bitcoinagile,2021-04-19 23:55:15+00:00,Long DOGE for BINANCE:DOGEUSDT by Ayoki #bitcoin #trading https://t.co/8Vsp468OcL https://t.co/hVZtV0bwdQ,1,1,0,,,fr,"[Photo(previewUrl='https://pbs.twimg.com/media/EzYAkBgVkAgb5a3?format=png&name=small', fullUrl='https://pbs.twimg.com/media/EzYAkBgVkAgb5a3?format=png&name=large', type='photo')]","<a href=""http://bitcoinagile.com"" rel=""nofollow"">bitcoinagile</a>",0,
107,1384294550189928456,https://twitter.com/Alexand67386841/status/1384294550189928456,https://twitter.com/Alexand67386841,2021-04-19 23:55:14+00:00,"#DogeDay420 #DogeDay #doge #DogeCoinTo1Dollar #dogecoin #bitcoin #SAFEMOON #crypto #Chiliz #Ethereum #coinbase
 #Binance #TRX #ElonDOGE #elonmuskday #elonmusk
#Trump https://t.co/pJoVi6ubYk",0,0,0,,,und,"[Photo(previewUrl='https://pbs.twimg.com/media/EzYAjoNVcAIMUm7?format=jpg&name=small', fullUrl='https://pbs.twimg.com/media/EzYAjoNVcAIMUm7?format=jpg&name=large', type='photo')]","<a href=""http://twitter.com/download/android"" rel=""nofollow"">Twitter for Android</a>",0,
108,1384294530145427465,https://twitter.com/DailyDigital/status/1384294530145427465,https://twitter.com/DailyDigital,2021-04-19 23:55:09+00:00,ğŸŒ‡#NightReplay ğŸ“Š[#Fintech] La course aux monnaies digitales est lancÃ©e et les banques centrales misent fort sur la blockchain #bitcoin #crowdinvesting via @PlanetFintech https://t.co/o7peVX6nxW https://t.co/mMarMuA6KY,2,1,0,,,fr,"[Photo(previewUrl='https://pbs.twimg.com/media/EzYAiYjVkAYi8BG?format=jpg&name=small', fullUrl='https://pbs.twimg.com/media/EzYAiYjVkAYi8BG?format=jpg&name=large', type='photo')]","<a href=""https://www.sociallymap.com"" rel=""nofollow"">Sociallymap</a>",0,
109,1384294527125516295,https://twitter.com/cryptoclickio/status/1384294527125516295,https://twitter.com/cryptoclickio,2021-04-19 23:55:08+00:00,Long DOGE Check the post https://t.co/myV8CDzv5I #trading #bitcoin,0,0,0,,,en,,"<a href=""https://www.integromat.com"" rel=""nofollow"">Integromat</a>",0,
110,1384294507005419520,https://twitter.com/TurabAwan2/status/1384294507005419520,https://twitter.com/TurabAwan2,2021-04-19 23:55:04+00:00,"$XVG will bring you the real money. ğŸš€ğŸš€ğŸš€ğŸ’¸ğŸ’¸ğŸ’¸

#Bitcoin #BTC #BNB #ETH 
#ada #XRP #doge #altcoin #Crypto",0,0,0,,,en,,"<a href=""http://twitter.com/download/android"" rel=""nofollow"">Twitter for Android</a>",0,
111,1384294505998815244,https://twitter.com/yui5for/status/1384294505998815244,https://twitter.com/yui5for,2021-04-19 23:55:03+00:00,"Can you please help me.

32yyeXCAqrxbKMvSDP9ymib64wJfB8GUbe

#bitcoin
#cryptocurrency
#crypto
#help
#giveme",0,0,0,,,en,,"<a href=""http://twittbot.net/"" rel=""nofollow"">twittbot.net</a>",0,
112,1384294497660461062,https://twitter.com/Alexand67386841/status/1384294497660461062,https://twitter.com/Alexand67386841,2021-04-19 23:55:01+00:00,"#DogeDay420 #DogeDay #doge #DogeCoinTo1Dollar #dogecoin #bitcoin #SAFEMOON #crypto #Chiliz #Ethereum #coinbase
 #Binance #TRX #ElonDOGE #elonmuskday #elonmusk
#Trump https://t.co/HDggx3qy3O",0,3,0,,,und,"[Photo(previewUrl='https://pbs.twimg.com/media/EzYAgjiVIAEN_pk?format=jpg&name=small', fullUrl='https://pbs.twimg.com/media/EzYAgjiVIAEN_pk?format=jpg&name=large', type='photo')]","<a href=""http://twitter.com/download/android"" rel=""nofollow"">Twitter for Android</a>",0,
113,1384294496754569222,https://twitter.com/goodnes91929983/status/1384294496754569222,https://twitter.com/goodnes91929983,2021-04-19 23:55:01+00:00,"create  erc20 token ico website

https://t.co/n1euVmJ8K5
#ico #bitcoin #blockchain #crypto #ethereum #cryptocurrency #btc #cryptocurrencies
#LaschetvsSoeder
#B1617
#DHDL
#goodbyedeutschland
#BaerbockforKanzlerin
#P7Spezial",0,0,0,,,en,,"<a href=""https://mobile.twitter.com"" rel=""nofollow"">Twitter Web App</a>",0,
114,1384294465007808515,https://twitter.com/westonnelson/status/1384294465007808515,https://twitter.com/westonnelson,2021-04-19 23:54:54+00:00,"Hero Nath THANK YOU for following me, I will share #Crypto insights that I hope help you! Any projects or tokens you are interested in or want me to cover? #CryptoNews #Bitcoin",1,1,0,,,en,,"<a href=""https://ifttt.com"" rel=""nofollow"">IFTTT</a>",0,
115,1384294450638188550,https://twitter.com/KevKevSats/status/1384294450638188550,https://twitter.com/KevKevSats,2021-04-19 23:54:50+00:00,"@GoldTelegraph_ @end_share BREAKING: ğŸš¨

Buy #bitcoin",0,0,0,,,en,,"<a href=""http://twitter.com/download/android"" rel=""nofollow"">Twitter for Android</a>",0,
116,1384294440290832386,https://twitter.com/krmabit/status/1384294440290832386,https://twitter.com/krmabit,2021-04-19 23:54:48+00:00,@confundido19 @buckyandpeaches Mejor estudia #Bitcoin y luego comentas con mÃ¡s lÃ³gica.,0,0,1,,,es,,"<a href=""http://twitter.com/download/android"" rel=""nofollow"">Twitter for Android</a>",0,
117,1384294430937542659,https://twitter.com/Peanut_Box/status/1384294430937542659,https://twitter.com/Peanut_Box,2021-04-19 23:54:45+00:00,"$Bulba is Just Getting Started! Going to be a Great Week! 

Going to be a Great Week for $Bulba
Don't miss out!
$Sqrt $hoge $doge $froge $soge $zard $feg $pika #Altcoin #Crypto $shib $feg #BTC $wern $zard #doge $peech #crypto $burny #SAFEMOON #eth #Bitcoin #ALTSEASON $shiba #HODL",0,1,0,,,en,,"<a href=""http://twitter.com/download/android"" rel=""nofollow"">Twitter for Android</a>",0,
118,1384294406774083587,https://twitter.com/sonnyleyba/status/1384294406774083587,https://twitter.com/sonnyleyba,2021-04-19 23:54:40+00:00,Everyone who messaged me on #dogecoin saying should i buy? Sorry i don't invest in shit coin meme dog coin. I only invest in #Bitcoin #Ethereum for long term. https://t.co/gIAfsc7oei,0,0,0,,,en,"[Photo(previewUrl='https://pbs.twimg.com/media/EzYAbI7VgAY6YGt?format=jpg&name=small', fullUrl='https://pbs.twimg.com/media/EzYAbI7VgAY6YGt?format=jpg&name=large', type='photo')]","<a href=""http://twitter.com/download/android"" rel=""nofollow"">Twitter for Android</a>",0,
119,1384294405989830658,https://twitter.com/Alexand67386841/status/1384294405989830658,https://twitter.com/Alexand67386841,2021-04-19 23:54:39+00:00,"#DogeDay420 #DogeDay #doge #DogeCoinTo1Dollar #dogecoin #bitcoin #SAFEMOON #crypto #Chiliz #Ethereum #coinbase
 #Binance #TRX #ElonDOGE #elonmuskday #elonmusk
#Trump https://t.co/kilHP1C6wc",1,4,0,,,und,"[Photo(previewUrl='https://pbs.twimg.com/media/EzYAbQNWQAAhHK3?format=jpg&name=small', fullUrl='https://pbs.twimg.com/media/EzYAbQNWQAAhHK3?format=jpg&name=large', type='photo')]","<a href=""http://twitter.com/download/android"" rel=""nofollow"">Twitter for Android</a>",0,
120,1384294388558274562,https://twitter.com/btc_win/status/1384294388558274562,https://twitter.com/btc_win,2021-04-19 23:54:35+00:00,"Do not miss a solid airdrop this reward per mission missions are simple #Airdrop #Airdrops #bounty #BountyHunter #Crypto #cryptocurrency #NPXS #hot #btt #Bitcoin

https://t.co/d5wzSOjSwB",0,1,0,,,en,,"<a href=""http://twitter.com/download/android"" rel=""nofollow"">Twitter for Android</a>",0,
121,1384294388084330503,https://twitter.com/SmdRajon86/status/1384294388084330503,https://twitter.com/SmdRajon86,2021-04-19 23:54:35+00:00,"The idea of project is simple - sharing with others exprerience, knowledge and get reward for that. If u don't know something, #MocktailFinance #MocktailSwap #MOK #blockchain #cryptocurrency #technology #bitcoin #money #crypto #Binance #BNB #cryptocurrencies #fintech.",0,0,0,,,en,,"<a href=""https://mobile.twitter.com"" rel=""nofollow"">Twitter Web App</a>",0,
122,1384294377321807879,https://twitter.com/Emily_cryptos/status/1384294377321807879,https://twitter.com/Emily_cryptos,2021-04-19 23:54:33+00:00,"If you do not plantğŸŒ±ğŸŒ´ğŸŒ¿â˜˜ you will spend the money you have buying fruits from those who planted...

Invest wisely.
ğŸ‘‡ğŸ‘‡ğŸ‘‡ğŸ‘‡ğŸ‘‡ğŸ‘‡ğŸ‘‡
@Emily_cryptos 

#SAFEMOON #DogeDay #MarceloBielsa #TOMMYVLOG #SuperLeagueOut #LEELIV  #JackBlack #TimCurry  #Bitcoin #cryptocurrencies https://t.co/JeVFkTDNZj",0,1,0,,,en,,"<a href=""http://twitter.com/download/iphone"" rel=""nofollow"">Twitter for iPhone</a>",0,https://twitter.com/Emily_cryptos/status/1384294081195515911
123,1384294336729206785,https://twitter.com/joelwaldmanNEWS/status/1384294336729206785,https://twitter.com/joelwaldmanNEWS,2021-04-19 23:54:23+00:00,What does this mean for #Bitcoin and alts? @APompliano ? https://t.co/ON5E7edNCO,0,0,0,,,en,,"<a href=""http://twitter.com/download/iphone"" rel=""nofollow"">Twitter for iPhone</a>",0,https://twitter.com/CGasparino/status/1384223222439170050
124,1384294334275538950,https://twitter.com/MenteMillonar17/status/1384294334275538950,https://twitter.com/MenteMillonar17,2021-04-19 23:54:22+00:00,"Solo aquellos que se arriesgan a caer pueden conseguir grandes cosas - Robert F. Kennedy

#19Abr
Cuarentena Radical
#Bitcoin
#SiguemeYTeSigo
#MenteMillonaria
#FelizLunes
#AbrilDeFuegoPatrio
#YoSoyFANB
#VacunasSiAntorchasNo",13,0,0,,,es,,"<a href=""https://mobile.twitter.com"" rel=""nofollow"">Twitter Web App</a>",0,
125,1384294324943265795,https://twitter.com/fujitomi_8740/status/1384294324943265795,https://twitter.com/fujitomi_8740,2021-04-19 23:54:20+00:00,"ãƒ»ï¼¶ï¼©ï¼¸æŒ‡æ•°17.2900+6.4%
ãƒ»ãƒ“ãƒƒãƒˆã‚³ã‚¤ãƒ³56205.55-9.4%
#VIX
#Bitcoin",0,0,0,,,ja,,"<a href=""https://mobile.twitter.com"" rel=""nofollow"">Twitter Web App</a>",0,
